__tracepoint_android_vh_binder_free_buf,
__tracepoint_android_vh_rwsem_direct_rsteal,
__tracepoint_android_vh_rwsem_optimistic_rspin,
osq_lock,
osq_unlock,
__tracepoint_android_vh_binder_transaction_received,
__tracepoint_android_vh_binder_special_task,
__tracepoint_android_vh_free_oem_binder_struct,
__tracepoint_android_vh_alloc_oem_binder_struct,
__tracepoint_android_vh_binder_buffer_release,
__tracepoint_android_vh_do_swap_page_spf,
__traceiter_android_vh_customize_alloc_gfp
__tracepoint_android_vh_customize_alloc_gfp
is_transparent_hugepage
__tracepoint_android_vh_binder_find_desc
__tracepoint_android_vh_binder_set_desc_bit
__tracepoint_android_vh_binder_desc_init
cpu_cgrp_subsys
cgroup_rm_cftypes
__tracepoint_android_vh_cpu_cgroup_css_alloc_early
__tracepoint_android_vh_sched_move_task
__tracepoint_android_vh_cpu_cgroup_css_free
__tracepoint_android_vh_cpu_cgroup_css_alloc
__tracepoint_android_vh_cpu_cgroup_css_alloc_early
__traceiter_android_vh_cpu_cgroup_css_alloc_early
__traceiter_android_vh_sched_move_task
__traceiter_android_vh_cpu_cgroup_css_free
__traceiter_android_vh_cpu_cgroup_css_alloc
__traceiter_android_vh_cpu_cgroup_css_alloc_early
schedtune_task_boost
__traceiter_android_vh_lru_gen_add_page_skip
__traceiter_android_vh_lru_gen_del_page_skip
__traceiter_android_vh_evict_pages_bypass
__traceiter_android_vh_keep_reclaimed_page
__traceiter_android_vh_clear_reclaimed_page
__traceiter_android_vh_pagecache_get_page
__traceiter_android_vh_filemap_pages
__traceiter_android_vh_mglru_should_abort_scan
__traceiter_android_vh_shrink_page_list
__traceiter_android_rvh_kswapd_shrink_node
__traceiter_android_rvh_perform_reclaim
__traceiter_android_vh_si_mem_available_adjust
__tracepoint_android_vh_lru_gen_add_page_skip
__tracepoint_android_vh_lru_gen_del_page_skip
__tracepoint_android_vh_evict_pages_bypass
__tracepoint_android_vh_keep_reclaimed_page
__tracepoint_android_vh_clear_reclaimed_page
__tracepoint_android_vh_pagecache_get_page
__tracepoint_android_vh_filemap_pages
__tracepoint_android_vh_mglru_should_abort_scan
__tracepoint_android_vh_shrink_page_list
__tracepoint_android_rvh_kswapd_shrink_node
__tracepoint_android_rvh_perform_reclaim
__tracepoint_android_vh_si_mem_available_adjust
isolate_page
__traceiter_android_vh_lru_cache_add_page_activate
__traceiter_android_vh_filemap_fault_pre_page_locked
__traceiter_android_vh_filemap_page_mapped
__traceiter_android_vh_zap_pte_range_page_remove_rmap
__tracepoint_android_vh_lru_cache_add_page_activate
__tracepoint_android_vh_filemap_fault_pre_page_locked
__tracepoint_android_vh_filemap_page_mapped
__tracepoint_android_vh_zap_pte_range_page_remove_rmap
__traceiter_android_vh_reweight_entity
__tracepoint_android_vh_reweight_entity
css_task_iter_start
css_task_iter_next
css_task_iter_end
